,Total Drones,Active Drones,Collisions,Completed Deliveries,Avg Delivery Time [minutes],Deliveries Per Minute,Time Per Meter [seconds],Min Altitude,Mean Altitude,Max Altitude
0,25,10,0,0,0.0,0.0,0.0,10.0,12.0,15.0
1,25,10,0,0,0.0,0.0,0.0,15.0,17.0,20.0
2,25,10,0,0,0.0,0.0,0.0,20.0,22.0,25.0
3,25,10,0,0,0.0,0.0,0.0,25.0,27.0,30.0
4,25,10,0,0,0.0,0.0,0.0,30.0,32.0,35.0
5,25,10,0,0,0.0,0.0,0.0,35.0,37.0,40.0
6,25,10,0,0,0.0,0.0,0.0,40.0,42.07739425812404,45.905370372990504
7,25,10,0,0,0.0,0.0,0.0,31.1068580944344,45.67313674656545,50.802600170959465
8,25,10,0,0,0.0,0.0,0.0,36.1068580944344,50.59088432354,55.692610011047364
9,25,10,0,0,0.0,0.0,0.0,41.1068580944344,53.89801736777317,56.165396928410246
10,25,10,0,0,0.0,0.0,0.0,45.91506961752799,54.25061708554026,56.01354658906972
11,25,10,0,0,0.0,0.0,0.0,50.98597589923935,55.13172127353643,56.81301170935508
12,25,10,0,0,0.0,0.0,0.0,53.978336689223525,56.728211640054475,70.29876194355856
13,25,10,0,0,0.0,0.0,0.0,54.98384380625714,58.45977995674368,70.10126771699872
14,25,13,0,0,0.0,0.0,0.0,10.0,47.39431731415536,70.0905550550987
15,25,17,0,0,0.0,0.0,0.0,10.0,39.86987673669755,68.99498340714909
16,25,19,0,0,0.0,0.0,0.0,15.0,38.176770263570354,66.54122586447646
17,25,19,0,0,0.0,0.0,0.0,20.0,41.178062847533674,69.9673495695828
18,25,20,0,0,0.0,0.0,0.0,15.0,43.475884268209526,73.57570279394294
19,25,20,0,0,0.0,0.0,0.0,20.0,44.09856107867465,74.19177117028262
20,25,20,0,0,0.0,0.0,0.0,25.0,46.815083048479934,71.50854511597716
21,25,20,0,0,0.0,0.0,0.0,30.0,49.760479565052016,70.51113582883976
22,25,20,0,0,0.0,0.0,0.0,35.0,53.00670011071988,78.53832216205478
23,25,20,0,0,0.0,0.0,0.0,39.9265433034023,54.92471326649677,80.6706085879113
24,25,20,0,0,0.0,0.0,0.0,36.9265433034023,55.95749396021104,80.63685576578652
25,25,20,0,0,0.0,0.0,0.0,33.9265433034023,53.15373853059998,62.905297909038865
26,25,20,0,0,0.0,0.0,0.0,30.926543303402298,54.532825876560445,73.60429525272379
27,25,20,0,0,0.0,0.0,0.0,27.926543303402298,55.38990083899553,81.51187358534189
28,25,20,0,0,0.0,0.0,0.0,24.926543303402298,54.009041491371065,73.39108562048298
29,25,20,0,0,0.0,0.0,0.0,21.926543303402298,54.569891039922844,73.29490069683213
30,25,23,0,0,0.0,0.0,0.0,10.0,48.97675733501286,73.11445076244549
31,25,24,0,0,0.0,0.0,0.0,10.0,48.55260524319234,73.29616783448705
32,25,24,0,0,0.0,0.0,0.0,12.926543303402298,48.41099017723395,73.41397206086314
33,25,25,0,0,0.0,0.0,0.0,9.926543303402298,47.9008860507834,74.5921452865612
34,25,25,0,0,0.0,0.0,0.0,9.926543303402298,49.594447974520655,81.30520806387912
35,25,25,0,0,0.0,0.0,0.0,14.926543303402298,48.48217568422299,69.8909766741571
36,25,25,0,0,0.0,0.0,0.0,12.25562434100712,49.080570414342326,68.78943940782644
37,25,25,0,0,0.0,0.0,0.0,9.25562434100712,50.801315044445126,72.19770443121624
38,25,25,0,0,0.0,0.0,0.0,9.25562434100712,50.57472899303522,68.69160927928702
39,25,25,0,0,0.0,0.0,0.0,12.667627886523547,51.85411421547782,73.06171000774798
40,25,25,0,0,0.0,0.0,0.0,9.667627886523547,50.70113639645374,70.94231847648054
41,25,25,0,0,0.0,0.0,0.0,9.667627886523547,50.23982065329906,69.91295156819467
42,25,25,0,0,0.0,0.0,0.0,14.54265517430288,52.40873264525207,74.20153728743561
43,25,25,0,0,0.0,0.0,0.0,11.54265517430288,53.33218924939153,72.53190460840806
44,25,25,0,0,0.0,0.0,0.0,9.0,53.42780092581211,72.13042210297104
45,25,25,0,0,0.0,0.0,0.0,9.0,54.78405045603777,82.09541679132086
46,25,25,0,0,0.0,0.0,0.0,14.0,54.73410650182683,83.1637936734315
47,25,25,0,0,0.0,0.0,0.0,14.291623036766794,54.87288731705699,83.74805645138935
48,25,25,0,0,0.0,0.0,0.0,11.291623036766794,53.90287151734663,73.19609174059626
49,25,25,0,0,0.0,0.0,0.0,9.0,54.75442886046328,73.86432357401812
50,25,25,0,0,0.0,0.0,0.0,9.0,54.391918849004405,73.93676019725473
51,25,25,0,0,0.0,0.0,0.0,14.0,54.183535165054074,72.97638329534348
52,25,25,0,0,0.0,0.0,0.0,19.0,55.982024007308425,73.24043079150901
53,25,25,0,0,0.0,0.0,0.0,20.690958694861123,57.488585429096545,73.21700549295883
54,25,25,0,0,0.0,0.0,0.0,17.690958694861123,54.69412501934085,72.79205737027898
55,25,25,0,0,0.0,0.0,0.0,14.690958694861123,54.49009811388415,74.09397978532229
56,25,25,0,0,0.0,0.0,0.0,11.690958694861123,55.60632947815651,74.0530867124436
57,25,25,0,0,0.0,0.0,0.0,9.0,56.784034468756325,80.06976020330406
58,25,25,0,0,0.0,0.0,0.0,9.0,56.155475551465564,73.76303657511625
59,25,25,0,0,0.0,0.0,0.0,9.0,56.190866700687245,74.41175235143687
60,25,25,0,0,0.0,0.0,0.0,9.0,57.296305707734355,75.37727521864774
61,25,25,0,0,0.0,0.0,0.0,9.0,57.38923585681641,85.31197786686461
62,25,25,0,0,0.0,0.0,0.0,14.0,59.36217827164375,85.31714891163647
63,25,25,0,0,0.0,0.0,0.0,19.0,59.45035162095874,86.39873892059124
64,25,25,0,0,0.0,0.0,0.0,24.0,59.62631045391601,88.16079907951537
65,25,25,0,0,0.0,0.0,0.0,29.0,59.50243843107195,88.21539901145374
66,25,25,0,0,0.0,0.0,0.0,30.971765784784893,60.426270310860644,88.16347227480405
67,25,25,0,0,0.0,0.0,0.0,27.971765784784893,60.32956908192591,88.13781397122449
68,25,25,0,0,0.0,0.0,0.0,24.971765784784893,59.64856534505092,87.1703954090802
69,25,25,0,0,0.0,0.0,0.0,21.971765784784893,60.23376955588317,90.52205727660738
70,25,25,0,0,0.0,0.0,0.0,18.971765784784893,59.850526088573176,83.20218283730563
71,25,25,0,0,0.0,0.0,0.0,15.971765784784893,60.325236967613904,88.15030696825754
72,25,25,0,0,0.0,0.0,0.0,12.971765784784893,59.773444099520844,83.29784073283886
73,25,25,0,0,0.0,0.0,0.0,9.971765784784893,57.936978484735164,76.38810860903787
74,25,25,0,0,0.0,0.0,0.0,9.971765784784893,57.92150674215958,81.41873887282632
75,25,25,0,0,0.0,0.0,0.0,12.540736906774796,58.53425965167234,85.83568352410119
76,25,25,0,0,0.0,0.0,0.0,9.540736906774796,58.0517476192625,85.82882437683628
77,25,25,0,0,0.0,0.0,0.0,9.540736906774796,57.94333293197775,85.94258291209765
78,25,25,0,0,0.0,0.0,0.0,14.540736906774796,57.256756543568365,85.82233746074077
79,25,25,0,0,0.0,0.0,0.0,15.153666853642392,57.98935758401767,85.93955013302138
80,25,25,0,0,0.0,0.0,0.0,12.153666853642392,57.829140634120805,86.5946515498214
81,25,25,0,0,0.0,0.0,0.0,9.153666853642392,57.74014596733024,87.97517801798992
82,25,25,0,0,0.0,0.0,0.0,9.153666853642392,57.5083654514466,86.58015099479107
83,25,25,0,0,0.0,0.0,0.0,14.153666853642392,56.28677701003314,85.66770676084538
84,25,25,0,0,0.0,0.0,0.0,18.771367274635836,56.860559123995024,94.9635016351229
85,25,25,0,0,0.0,0.0,0.0,15.771367274635836,58.33721896541121,95.04298688550939
86,25,25,0,0,0.0,0.0,0.0,12.771367274635836,57.58378257102411,84.143602824712
87,25,25,0,0,0.0,0.0,0.0,9.771367274635836,56.82633924560125,82.09403231761068
88,25,25,0,0,0.0,0.0,0.0,9.771367274635836,55.443919763351616,81.23505950518754
89,25,25,0,0,0.0,0.0,0.0,14.063721051046826,55.01924047824584,81.43096107133756
90,25,25,0,0,0.0,0.0,0.0,11.063721051046826,54.580790713283434,81.5666687295424
91,25,25,0,0,0.0,0.0,0.0,9.5,54.01168241619657,81.65399948807338
92,25,25,0,1,0.85,0.6451612903225807,0.3805970149253731,9.0,53.19622004125576,80.847869866297
93,25,25,0,1,0.85,0.6382978723404256,0.3805970149253731,9.0,54.10605846795237,86.7353802767624
94,25,25,0,1,0.85,0.631578947368421,0.3805970149253731,11.935859641650197,53.67471359749126,83.80867370408797
95,25,25,0,1,0.85,0.625,0.3805970149253731,9.5,53.308616245083314,83.80307539642992
96,25,25,0,2,0.9416666666666667,1.2371134020618557,0.48917748917748916,9.0,52.673502348503526,85.5263050445938
97,25,25,0,2,0.9416666666666667,1.2244897959183672,0.48917748917748916,9.0,52.76417089308734,85.54334279265817
98,25,25,0,2,0.9416666666666667,1.2121212121212122,0.48917748917748916,10.238298944645834,51.86485950450347,85.45289470465005
99,25,25,0,2,0.9416666666666667,1.2,0.48917748917748916,9.0,52.51232673079477,87.10348756208228
100,25,25,0,2,0.9416666666666667,1.188118811881188,0.48917748917748916,9.0,52.60922987508986,86.91235771531721
101,25,25,0,2,0.9416666666666667,1.1764705882352942,0.48917748917748916,9.5,53.15221402834361,86.85065099805021
102,25,25,0,3,0.9166666666666666,1.7475728155339807,0.48672566371681414,9.5,53.94289774294721,86.67961960516335
103,25,25,0,3,0.9166666666666666,1.7307692307692308,0.48672566371681414,14.5,54.0688366369471,86.8059595544683
104,25,25,0,3,0.9166666666666666,1.7142857142857142,0.48672566371681414,18.724637188837264,53.94105898194064,86.0717539584393
105,25,25,0,3,0.9166666666666666,1.6981132075471699,0.48672566371681414,15.724637188837264,54.538300416598325,86.88085249658228
106,25,25,0,3,0.9166666666666666,1.6822429906542056,0.48672566371681414,12.724637188837264,55.24441253674269,86.8566116174632
107,25,25,0,3,0.9166666666666666,1.6666666666666665,0.48672566371681414,9.724637188837264,54.83296126403404,86.80570081105972
108,25,25,0,3,0.9166666666666666,1.651376146788991,0.48672566371681414,9.5,55.52495247223603,86.87998728551158
109,25,25,0,4,0.8875,2.1818181818181817,0.4965034965034965,9.5,55.03632238806269,85.93559226652536
110,25,25,0,4,0.8875,2.1621621621621623,0.4965034965034965,13.868757115359458,55.030461566754774,85.7884807711037
111,25,25,0,4,0.8875,2.142857142857143,0.4965034965034965,10.868757115359458,56.58950804133881,97.81290069712915
112,25,25,0,4,0.8875,2.1238938053097343,0.4965034965034965,9.5,56.54388485722004,96.83451565982769
113,25,25,0,5,0.9600000000000001,2.631578947368421,0.5070422535211268,9.5,56.57012819571862,96.66505095141952
114,25,25,0,5,0.9600000000000001,2.608695652173913,0.5070422535211268,12.653999488073381,56.841504238071686,96.74484305139441
115,25,25,0,5,0.9600000000000001,2.586206896551724,0.5070422535211268,9.653999488073381,56.18263133641966,96.85991358380205
116,25,25,0,6,0.9972222222222222,3.0769230769230766,0.5334323922734027,9.653999488073381,57.56996613530013,96.89855123059088
117,25,25,0,6,0.9972222222222222,3.050847457627119,0.5334323922734027,14.653999488073381,57.88214631352779,97.02787298606127
118,25,25,0,6,0.9972222222222222,3.0252100840336134,0.5334323922734027,16.167777696764446,58.27227468102274,97.21297441350745
119,25,25,0,6,0.9972222222222222,3.0,0.5334323922734027,13.167777696764446,58.20299304249801,97.24527321870072
120,25,25,0,6,0.9972222222222222,2.975206611570248,0.5334323922734027,10.167777696764446,58.46883438957691,97.12958398785328
121,25,25,0,7,0.9476190476190476,3.4426229508196724,0.5489655172413793,10.167777696764446,57.160199361061196,97.28368344196448
122,25,25,0,7,0.9476190476190476,3.4146341463414633,0.5489655172413793,15.167777696764446,58.22774078853965,94.28368344196448
123,25,25,0,7,0.9476190476190476,3.3870967741935485,0.5489655172413793,20.167777696764446,58.01499602113523,91.28368344196448
124,25,25,0,7,0.9476190476190476,3.36,0.5489655172413793,23.805959554468302,57.72696362118798,88.28368344196448
125,25,25,0,7,0.9476190476190476,3.333333333333333,0.5489655172413793,20.805959554468302,56.51808914702483,85.28368344196448
126,25,25,0,7,0.9476190476190476,3.3070866141732282,0.5489655172413793,17.805959554468302,56.122279346040074,82.28368344196448
127,25,25,0,7,0.9476190476190476,3.28125,0.5489655172413793,14.805959554468302,55.74784709479282,79.28368344196448
128,25,25,0,7,0.9476190476190476,3.255813953488372,0.5489655172413793,11.805959554468302,56.258813694832455,91.76876832801797
129,25,25,0,7,0.9476190476190476,3.230769230769231,0.5489655172413793,9.0,55.671531535876845,91.6908814903271
130,25,25,0,7,0.9476190476190476,3.2061068702290076,0.5489655172413793,9.0,55.58870655563258,92.50851827260688
131,25,25,0,7,0.9476190476190476,3.181818181818182,0.5489655172413793,9.31048188833769,54.97334697744223,92.54639404051235
132,25,25,0,7,0.9476190476190476,3.1578947368421053,0.5489655172413793,14.31048188833769,54.91543744075346,93.2429179697136
133,25,25,0,7,0.9476190476190476,3.134328358208955,0.5489655172413793,11.54537001796129,54.75000353919472,93.81006797920942
134,25,25,0,7,0.9476190476190476,3.111111111111111,0.5489655172413793,9.5,54.407776675018134,93.93767177517229
135,25,25,0,8,0.95625,3.5294117647058822,0.5337209302325582,9.0,53.318763228010255,93.0261939449266
136,25,24,0,8,0.95625,3.503649635036496,0.5337209302325582,9.0,54.89537211417785,75.33336955114433
137,25,25,0,8,0.95625,3.4782608695652173,0.5337209302325582,9.394429405519219,54.37235696180186,77.89544083592972
138,25,25,0,8,0.95625,3.4532374100719427,0.5337209302325582,9.394429405519219,55.53641073171196,93.22085763837755
139,25,25,0,8,0.95625,3.4285714285714284,0.5337209302325582,14.394429405519219,55.5881819916016,93.34653285185735
140,25,25,0,8,0.95625,3.404255319148936,0.5337209302325582,19.39442940551922,56.95363431455526,93.48988488565729
141,25,25,0,8,0.95625,3.380281690140845,0.5337209302325582,24.39442940551922,57.98018288475571,93.05632698235989
142,25,25,0,8,0.95625,3.3566433566433567,0.5337209302325582,29.39442940551922,57.88641578665558,81.0946197797073
143,25,25,0,8,0.95625,3.333333333333333,0.5337209302325582,31.283683441964484,58.786812511149854,87.36977018095284
144,25,25,0,8,0.95625,3.310344827586207,0.5337209302325582,28.283683441964484,59.39563766277424,92.87695486889754
145,25,25,0,8,0.95625,3.287671232876712,0.5337209302325582,25.283683441964484,59.04648698961771,87.45801715481264
146,25,25,0,8,0.95625,3.2653061224489797,0.5337209302325582,22.283683441964484,59.750103902202916,87.384201269016
147,25,25,0,8,0.95625,3.2432432432432434,0.5337209302325582,19.283683441964484,60.23562767260928,87.56253958986723
148,25,25,0,8,0.95625,3.221476510067114,0.5337209302325582,16.283683441964484,60.28212195517257,92.89076692641972
149,25,25,0,8,0.95625,3.2,0.5337209302325582,13.283683441964484,57.89017755183549,92.6927300871413
150,25,25,0,8,0.95625,3.1788079470198674,0.5337209302325582,10.283683441964484,57.469430807327306,91.53907668102342
151,25,25,0,8,0.95625,3.1578947368421053,0.5337209302325582,9.0,55.91940057584007,91.34256718666542
152,25,25,0,8,0.95625,3.1372549019607843,0.5337209302325582,9.0,56.192466193480804,91.32516126403881
153,25,25,0,8,0.95625,3.116883116883117,0.5337209302325582,10.486229297321302,56.781118276892094,91.50262976654653
154,25,24,0,8,0.95625,3.096774193548387,0.5337209302325582,10.953895625554821,58.22010750229248,91.40183599912443
155,25,25,0,8,0.95625,3.0769230769230766,0.5337209302325582,9.5,54.75003066987111,90.41498524928457
156,25,25,0,9,1.0314814814814814,3.4394904458598727,0.5564435564435565,9.5,54.83778582581255,93.59826918117918
157,25,25,0,9,1.0314814814814814,3.4177215189873418,0.5564435564435565,14.174980543553673,55.38467017172423,94.1383048031054
158,25,25,0,9,1.0314814814814814,3.3962264150943398,0.5564435564435565,11.174980543553673,55.69374600395033,94.2723979398607
159,25,25,0,9,1.0314814814814814,3.375,0.5564435564435565,9.5,55.75998953800068,95.36470463241064
160,25,25,0,10,1.04,3.7267080745341614,0.5497797356828193,9.5,56.63480004006426,93.48695381777166
161,25,25,0,10,1.04,3.7037037037037033,0.5497797356828193,10.201650685278025,57.47431457144726,96.30167424835636
162,25,25,0,10,1.04,3.6809815950920246,0.5497797356828193,9.0,58.45630015372451,96.394541642583
163,25,24,0,10,1.04,3.6585365853658534,0.5497797356828193,11.27271614687109,59.512858836099134,96.38438081451292
164,25,23,0,10,1.04,3.6363636363636367,0.5497797356828193,29.5,60.132857685263154,96.5134304667492
165,25,24,0,10,1.04,3.6144578313253013,0.5497797356828193,15.0,58.27198411604567,96.32412230609114
166,25,24,0,10,1.04,3.592814371257485,0.5497797356828193,20.0,60.33240016729783,96.3447651974454
167,25,24,0,10,1.04,3.571428571428571,0.5497797356828193,25.0,60.73543738499243,96.25348919120195
168,25,24,0,10,1.04,3.5502958579881656,0.5497797356828193,26.109977200036226,59.02874556601632,96.05506703873645
169,25,24,0,10,1.04,3.5294117647058822,0.5497797356828193,23.109977200036226,59.71485308035935,95.95448518753955
170,25,24,0,10,1.04,3.508771929824561,0.5497797356828193,20.109977200036226,58.95445267120281,95.7703102545782
171,25,24,0,10,1.04,3.488372093023256,0.5497797356828193,17.109977200036226,61.37242055802391,95.7878151776745
172,25,24,0,10,1.04,3.468208092485549,0.5497797356828193,14.109977200036226,60.24253934840241,94.76789872366788
173,25,24,0,10,1.04,3.4482758620689653,0.5497797356828193,11.109977200036226,60.09781381741047,94.66321838618475
174,25,24,0,10,1.04,3.4285714285714284,0.5497797356828193,9.0,59.6355493777237,87.10179078292359
175,25,23,0,11,1.0015151515151515,3.75,0.556866048862679,9.751351008802317,61.85031955984568,81.41476555334746
176,25,24,0,11,1.0015151515151515,3.728813559322034,0.556866048862679,10.0,59.3243142551728,81.23584586854629
177,25,24,0,11,1.0015151515151515,3.7078651685393256,0.556866048862679,15.0,60.1498918231764,84.14765663478889
178,25,24,0,11,1.0015151515151515,3.6871508379888267,0.556866048862679,16.437761844586404,60.07528879825219,86.33230328273049
179,25,24,0,11,1.0015151515151515,3.6666666666666665,0.556866048862679,13.437761844586404,62.05260159137698,89.59723469548184
180,25,24,0,11,1.0015151515151515,3.6464088397790055,0.556866048862679,10.437761844586404,61.96537938571248,89.55293011903164
181,25,24,0,12,0.9805555555555556,3.956043956043956,0.5376999238385377,10.437761844586404,63.50221469024502,92.27732937417136
182,25,24,0,12,0.9805555555555556,3.934426229508197,0.5376999238385377,15.437761844586404,63.24793531404285,88.82614404394721
183,25,24,0,12,0.9805555555555556,3.9130434782608696,0.5376999238385377,20.437761844586404,63.10518639277229,88.63805221749551
184,25,24,0,12,0.9805555555555556,3.891891891891892,0.5376999238385377,20.709738392103134,63.52696440424038,92.122556066622
185,25,24,0,12,0.9805555555555556,3.870967741935484,0.5376999238385377,17.709738392103134,63.94701295921744,91.98144615599962
186,25,24,0,12,0.9805555555555556,3.8502673796791447,0.5376999238385377,14.709738392103134,62.358233481945696,89.67817045372692
187,25,24,0,12,0.9805555555555556,3.829787234042553,0.5376999238385377,11.709738392103134,62.35717323662922,89.86835036929212
188,25,24,0,12,0.9805555555555556,3.8095238095238093,0.5376999238385377,9.0,61.035512096919355,89.84969374707656
189,25,24,0,12,0.9805555555555556,3.7894736842105265,0.5376999238385377,9.0,60.599438100186966,92.63352845066657
190,25,24,0,12,0.9805555555555556,3.769633507853403,0.5376999238385377,14.0,60.22658185214585,92.49058802161402
191,25,24,0,12,0.9805555555555556,3.75,0.5376999238385377,19.0,60.02688171885563,92.4221097422138
192,25,24,0,12,0.9805555555555556,3.7305699481865284,0.5376999238385377,19.75933884678932,60.25646873973182,92.4087858949083
193,25,24,0,12,0.9805555555555556,3.711340206185567,0.5376999238385377,16.75933884678932,59.26828049047811,92.54790015395768
194,25,24,0,12,0.9805555555555556,3.6923076923076925,0.5376999238385377,13.75933884678932,58.54441164851236,92.38026777967818
195,25,24,0,12,0.9805555555555556,3.673469387755102,0.5376999238385377,10.75933884678932,57.83471375389367,92.21867634633412
196,25,23,0,12,0.9805555555555556,3.654822335025381,0.5376999238385377,13.317057125584057,59.0908170580871,92.17483399995662
197,25,24,0,12,0.9805555555555556,3.6363636363636367,0.5376999238385377,10.317057125584057,56.83887306835778,92.13187690118366
198,25,24,0,12,0.9805555555555556,3.618090452261306,0.5376999238385377,9.0,56.02998015131055,92.0355437913826
199,25,23,0,12,0.9805555555555556,3.5999999999999996,0.5376999238385377,9.0,57.42393617920317,92.16299252426721
200,25,23,0,12,0.9805555555555556,3.582089552238806,0.5376999238385377,15.0,57.5778687483899,92.25929155983343
201,25,24,0,12,0.9805555555555556,3.564356435643564,0.5376999238385377,10.0,54.9682667348828,92.11809575551024
202,25,24,0,12,0.9805555555555556,3.54679802955665,0.5376999238385377,15.0,54.26674693351605,91.95249137666532
203,25,24,0,12,0.9805555555555556,3.5294117647058822,0.5376999238385377,12.580495504933168,53.69002701098331,91.93359777230646
204,25,24,0,12,0.9805555555555556,3.5121951219512195,0.5376999238385377,9.580495504933168,53.20903498092057,91.81592877168946
205,25,24,0,13,1.0282051282051283,3.7864077669902914,0.571632216678546,9.580495504933168,52.624194486004576,91.83533856198706
206,25,24,0,13,1.0282051282051283,3.7681159420289854,0.571632216678546,11.28946409721064,51.98783828838172,91.95343922467568
207,25,24,0,13,1.0282051282051283,3.75,0.571632216678546,9.5,51.966146117035315,91.90140781411047
208,25,24,0,14,1.0464285714285715,4.019138755980862,0.5689320388349515,9.5,51.29127555275159,92.08613735143567
209,25,24,0,14,1.0464285714285715,4.0,0.5689320388349515,9.233476706430466,50.23894047755328,92.05456042320496
210,25,24,0,14,1.0464285714285715,3.9810426540284363,0.5689320388349515,9.233476706430466,50.830305685747504,92.14554964029668
211,25,24,0,14,1.0464285714285715,3.9622641509433962,0.5689320388349515,14.233476706430466,50.27710752677556,91.95081417998261
212,25,24,0,14,1.0464285714285715,3.943661971830986,0.5689320388349515,14.89665141971959,49.00187451747269,91.8945139350441
213,25,24,0,14,1.0464285714285715,3.9252336448598126,0.5689320388349515,11.89665141971959,49.66248336162081,92.09431990299764
214,25,24,0,14,1.0464285714285715,3.9069767441860463,0.5689320388349515,9.5,49.34048675757841,92.24292308206314
215,25,24,0,15,1.1044444444444443,4.166666666666667,0.5944976076555024,9.113550961758676,49.81627518767035,92.36990003886571
216,25,23,0,15,1.1044444444444443,4.147465437788019,0.5944976076555024,14.5,51.3480303595446,92.4096045729634
217,25,24,0,15,1.1044444444444443,4.128440366972478,0.5944976076555024,10.0,49.41633923401556,92.28670800878089
218,25,24,0,15,1.1044444444444443,4.10958904109589,0.5944976076555024,9.5,49.138133834694294,92.15694674573811
219,25,23,0,16,1.1510416666666667,4.363636363636363,0.6299885974914481,9.5,49.9634633435757,92.23929835364868
220,25,24,0,16,1.1510416666666667,4.343891402714933,0.6299885974914481,9.0,48.597221300355834,92.16834480344309
221,25,24,0,16,1.1510416666666667,4.324324324324325,0.6299885974914481,9.0,47.678476750371175,92.13089719623648
222,25,24,0,16,1.1510416666666667,4.304932735426009,0.6299885974914481,11.33069627509964,48.593118802110126,92.29314144942963
223,25,24,0,16,1.1510416666666667,4.285714285714286,0.6299885974914481,9.0,49.55018323350156,92.11884712253824
224,25,24,0,16,1.1510416666666667,4.266666666666667,0.6299885974914481,9.0,51.123915323172746,91.93558247870857
225,25,24,0,16,1.1510416666666667,4.2477876106194685,0.6299885974914481,9.73269319724669,51.242765464230644,92.03369876931369
226,25,24,0,17,1.2098039215686276,4.493392070484582,0.6532556908417152,9.73269319724669,53.306155171850776,91.94416096983488
227,25,24,0,18,1.2712962962962961,4.7368421052631575,0.6944865958523014,9.753335137755556,54.013761098038664,91.76159833706348
228,25,24,0,18,1.2712962962962961,4.716157205240175,0.6944865958523014,13.422070171855893,54.96136480866202,91.76698963773124
229,25,24,0,18,1.2712962962962961,4.695652173913044,0.6944865958523014,10.422070171855893,55.838835645906585,91.96539699136555
230,25,24,0,19,1.3385964912280701,4.935064935064935,0.7400581959262852,10.422070171855893,56.182102759292626,92.0847902287267
231,25,24,0,19,1.3385964912280701,4.913793103448276,0.7400581959262852,15.422070171855893,55.95423192226065,92.09533946298967
232,25,24,0,19,1.3385964912280701,4.892703862660944,0.7400581959262852,20.422070171855893,57.64626359515544,92.10147502732352
233,25,24,0,19,1.3385964912280701,4.871794871794872,0.7400581959262852,25.422070171855893,58.035715753465446,92.23447391957762
234,25,24,0,19,1.3385964912280701,4.851063829787234,0.7400581959262852,27.253112885915684,59.590714784177756,92.29914570530653
235,25,24,0,19,1.3385964912280701,4.830508474576271,0.7400581959262852,24.253112885915684,58.546000633287484,92.34440240455012
236,25,24,0,19,1.3385964912280701,4.810126582278482,0.7400581959262852,21.253112885915684,59.60765688327985,92.24676722803638
237,25,24,0,19,1.3385964912280701,4.7899159663865545,0.7400581959262852,18.253112885915684,59.69935263828455,92.29416238797705
238,25,24,0,19,1.3385964912280701,4.7698744769874475,0.7400581959262852,15.253112885915684,58.994294723063774,92.34449140623754
239,25,24,0,19,1.3385964912280701,4.75,0.7400581959262852,12.253112885915684,58.84785671473821,92.26066505430647
240,25,24,0,19,1.3385964912280701,4.730290456431535,0.7400581959262852,9.253112885915684,57.777219266435935,92.12568074327962
241,25,24,0,19,1.3385964912280701,4.710743801652892,0.7400581959262852,9.253112885915684,58.52059110316264,92.24832312089727
242,25,24,0,19,1.3385964912280701,4.691358024691358,0.7400581959262852,13.814481412611613,57.74309045966803,92.09803237909352
243,25,24,0,19,1.3385964912280701,4.672131147540984,0.7400581959262852,10.814481412611613,57.732347781231375,92.02877415822181
244,25,24,0,19,1.3385964912280701,4.653061224489796,0.7400581959262852,9.0,58.17763583056251,92.1029973251499
245,25,23,0,19,1.3385964912280701,4.634146341463415,0.7400581959262852,11.530516929316008,60.2651691097261,92.07590808257801
246,25,23,0,19,1.3385964912280701,4.615384615384616,0.7400581959262852,10.0,61.81781963038904,92.22762712334129
247,25,23,0,19,1.3385964912280701,4.596774193548387,0.7400581959262852,15.0,63.12224303847539,95.83868318126719
248,25,23,0,19,1.3385964912280701,4.578313253012048,0.7400581959262852,20.0,62.32382142366754,92.30928558785953
249,25,23,0,19,1.3385964912280701,4.56,0.7400581959262852,25.0,62.44305452443493,92.19519652497362
250,25,23,0,19,1.3385964912280701,4.54183266932271,0.7400581959262852,30.0,61.976166122527204,92.00013614879808
251,25,23,0,19,1.3385964912280701,4.523809523809524,0.7400581959262852,30.681698685023463,62.25215369028109,92.00358647403588
252,25,23,0,19,1.3385964912280701,4.5059288537549405,0.7400581959262852,27.681698685023463,62.094205922710564,91.86760513010844
253,25,23,0,19,1.3385964912280701,4.488188976377953,0.7400581959262852,24.681698685023463,61.815946658415264,91.84640026946005
254,25,23,0,19,1.3385964912280701,4.470588235294118,0.7400581959262852,21.681698685023463,60.575164277474734,91.99219744139575
255,25,23,0,19,1.3385964912280701,4.453125,0.7400581959262852,18.681698685023463,60.38924936548299,92.08908673264186
256,25,23,0,19,1.3385964912280701,4.43579766536965,0.7400581959262852,15.681698685023463,60.39052810175291,91.89424763611048
257,25,23,0,19,1.3385964912280701,4.418604651162791,0.7400581959262852,12.681698685023463,60.88330170667028,91.95632919831188
258,25,23,0,19,1.3385964912280701,4.401544401544402,0.7400581959262852,9.681698685023463,59.90399543435044,100.15652295707734
259,25,22,0,20,1.3299999999999998,4.615384615384616,0.7231536021748981,9.681698685023463,61.748940139261464,100.71861811939371
260,25,23,0,20,1.3299999999999998,4.597701149425287,0.7231536021748981,14.681698685023463,59.88714699576672,101.0128940491597
261,25,23,0,20,1.3299999999999998,4.580152671755726,0.7231536021748981,16.856048224695414,60.19524336088183,92.31218587145482
262,25,23,0,20,1.3299999999999998,4.562737642585551,0.7231536021748981,13.856048224695414,60.27824392173061,92.26619809885777
263,25,23,0,20,1.3299999999999998,4.545454545454546,0.7231536021748981,10.856048224695414,60.227634989877714,92.20976897954542
264,25,23,0,20,1.3299999999999998,4.528301886792453,0.7231536021748981,9.0,59.5499186926688,92.93395828296399
265,25,22,0,20,1.3299999999999998,4.511278195488721,0.7231536021748981,25.217016664610625,63.10057323029541,104.06412124106677
266,25,23,0,20,1.3299999999999998,4.49438202247191,0.7231536021748981,15.0,60.55212988681041,104.19914235877076
267,25,23,0,20,1.3299999999999998,4.477611940298507,0.7231536021748981,19.217016664610625,60.739116623045796,104.35598027703367
268,25,23,0,20,1.3299999999999998,4.4609665427509295,0.7231536021748981,16.217016664610625,60.87864874083527,104.48492649003865
269,25,23,0,20,1.3299999999999998,4.444444444444445,0.7231536021748981,13.217016664610625,59.92625490354826,104.63881087018034
270,25,23,0,20,1.3299999999999998,4.428044280442805,0.7231536021748981,10.217016664610625,59.75482405479369,101.63881087018034
271,25,23,0,21,1.3063492063492064,4.632352941176471,0.7010221465076661,10.217016664610625,59.53467434558303,98.63881087018034
272,25,23,0,21,1.3063492063492064,4.615384615384616,0.7010221465076661,15.217016664610625,59.946440114307336,95.63881087018034
273,25,23,0,21,1.3063492063492064,4.598540145985401,0.7010221465076661,19.924327299855605,59.26097799677842,92.63881087018034
274,25,23,0,21,1.3063492063492064,4.581818181818182,0.7010221465076661,16.924327299855605,59.02224760744245,92.14445911922509
275,25,23,0,21,1.3063492063492064,4.565217391304348,0.7010221465076661,13.924327299855605,57.94421285065614,92.3418748598371
276,25,23,0,21,1.3063492063492064,4.548736462093863,0.7010221465076661,10.924327299855605,57.52779144792142,92.30442439530978
277,25,22,0,21,1.3063492063492064,4.532374100719425,0.7010221465076661,15.445127449221175,59.494987468496284,92.13902538727676
278,25,23,0,21,1.3063492063492064,4.516129032258065,0.7010221465076661,10.0,56.689158498747304,91.95484460629457
279,25,23,0,21,1.3063492063492064,4.5,0.7010221465076661,9.445127449221175,56.63339391500245,92.13885673940808
280,25,23,0,21,1.3063492063492064,4.4839857651245545,0.7010221465076661,9.445127449221175,56.28969645042179,92.08790352237816
281,25,23,0,21,1.3063492063492064,4.468085106382978,0.7010221465076661,14.445127449221175,56.31062387466313,92.13456741174707
282,25,23,0,21,1.3063492063492064,4.4522968197879855,0.7010221465076661,11.467668749715713,55.953162460891356,92.01998502377829
283,25,23,0,21,1.3063492063492064,4.436619718309859,0.7010221465076661,9.0,55.92150726599984,92.03256043043567
284,25,23,0,21,1.3063492063492064,4.421052631578947,0.7010221465076661,9.0,55.19819055724461,91.96863030578442
285,25,23,0,21,1.3063492063492064,4.405594405594406,0.7010221465076661,14.0,54.88347163976618,91.81483284044293
286,25,23,0,21,1.3063492063492064,4.390243902439024,0.7010221465076661,16.887675703738665,55.05450273198966,91.71836312905138
287,25,23,0,21,1.3063492063492064,4.375,0.7010221465076661,13.887675703738665,55.080342421512135,91.81514961941086
288,25,23,0,21,1.3063492063492064,4.359861591695502,0.7010221465076661,10.887675703738665,55.16489186503215,91.94808419794529
289,25,23,0,21,1.3063492063492064,4.344827586206897,0.7010221465076661,9.0,54.989151219818275,92.13405615909873
290,25,22,0,21,1.3063492063492064,4.329896907216495,0.7010221465076661,15.952579256081577,56.810852568280694,91.97199802551596
291,25,23,0,21,1.3063492063492064,4.315068493150685,0.7010221465076661,12.952579256081577,54.090753003188176,91.96771837731266
292,25,23,0,21,1.3063492063492064,4.300341296928328,0.7010221465076661,9.952579256081577,54.07949517418337,92.01712844250562
293,25,23,0,22,1.2863636363636364,4.489795918367347,0.686060606060606,9.952579256081577,54.890484905026426,92.07394531187154
294,25,23,0,22,1.2863636363636364,4.474576271186441,0.686060606060606,14.952579256081577,54.352139779488674,92.10797197706746
295,25,23,0,22,1.2863636363636364,4.45945945945946,0.686060606060606,19.952579256081577,53.289817967131555,92.21555409487989
296,25,23,0,22,1.2863636363636364,4.444444444444445,0.686060606060606,19.51818531604934,53.81174877621411,92.06417822245649
297,25,23,0,22,1.2863636363636364,4.429530201342282,0.686060606060606,16.51818531604934,53.292756998198776,91.90646247468221
298,25,23,0,22,1.2863636363636364,4.414715719063546,0.686060606060606,13.51818531604934,53.124426594170465,91.72088523491779
299,25,23,0,22,1.2863636363636364,4.4,0.686060606060606,10.51818531604934,52.69153791772933,91.77548553086332
300,25,22,0,22,1.2863636363636364,4.385382059800665,0.686060606060606,11.638810870180336,54.017640945478405,91.88990420893838
301,25,23,0,22,1.2863636363636364,4.370860927152318,0.686060606060606,9.0,51.18304227245663,91.82583162618808
302,25,23,0,22,1.2863636363636364,4.356435643564357,0.686060606060606,9.0,51.07341395927847,91.73339554519075
303,25,23,0,22,1.2863636363636364,4.342105263157895,0.686060606060606,9.0,50.946302122430055,91.74539845782911
304,25,22,0,23,1.2884057971014493,4.524590163934427,0.691559704395177,9.0,53.63774525533822,91.83865750838146
305,25,23,0,23,1.2884057971014493,4.509803921568627,0.691559704395177,14.0,52.60065289362155,91.93589687123041
306,25,23,0,23,1.2884057971014493,4.495114006514658,0.691559704395177,19.0,53.934836579976235,91.76767738243043
307,25,23,0,23,1.2884057971014493,4.48051948051948,0.691559704395177,18.473653970326595,55.50236046467757,91.78984594466719
308,25,23,0,23,1.2884057971014493,4.466019417475728,0.691559704395177,15.473653970326595,55.98788444648406,91.72173361679957
309,25,23,0,23,1.2884057971014493,4.451612903225806,0.691559704395177,12.473653970326595,56.6500475706278,91.73290233308317
310,25,23,0,23,1.2884057971014493,4.437299035369775,0.691559704395177,9.473653970326595,55.773449677757306,91.64171159156007
311,25,23,0,23,1.2884057971014493,4.423076923076923,0.691559704395177,9.473653970326595,57.09072833757137,91.74745757047091
312,25,23,0,23,1.2884057971014493,4.4089456869009584,0.691559704395177,11.419872430661542,58.210427910266255,91.69525254315568
313,25,23,0,23,1.2884057971014493,4.394904458598726,0.691559704395177,9.5,58.391721012216856,91.72607052625322
314,25,23,0,24,1.3069444444444445,4.571428571428572,0.6906422018348624,9.5,59.462698870802015,91.8348952941211
315,25,23,0,24,1.3069444444444445,4.556962025316456,0.6906422018348624,14.5,59.84714704951545,91.75395264278858
316,25,23,0,24,1.3069444444444445,4.542586750788644,0.6906422018348624,19.5,62.31348481977024,91.77561446324623
317,25,23,0,24,1.3069444444444445,4.528301886792453,0.6906422018348624,24.5,60.8880173959544,91.80622937230069
318,25,23,0,24,1.3069444444444445,4.514106583072101,0.6906422018348624,29.35155724822411,61.07340273115117,91.75233274055932
319,25,23,0,24,1.3069444444444445,4.5,0.6906422018348624,26.35155724822411,61.357073021024284,91.68151119919777
320,25,23,0,24,1.3069444444444445,4.485981308411215,0.6906422018348624,23.35155724822411,61.14502369390734,91.49665954775867
321,25,23,0,24,1.3069444444444445,4.472049689440994,0.6906422018348624,20.35155724822411,60.84233118180467,91.53771908216176
322,25,23,0,24,1.3069444444444445,4.458204334365325,0.6906422018348624,17.35155724822411,60.78612563782758,91.61038014492885
323,25,23,0,24,1.3069444444444445,4.444444444444445,0.6906422018348624,14.351557248224111,61.256171581854915,91.58270608593759
324,25,23,0,24,1.3069444444444445,4.430769230769231,0.6906422018348624,11.351557248224111,60.542642867398534,91.7792947830882
325,25,22,0,24,1.3069444444444445,4.41717791411043,0.6906422018348624,42.20617111852388,62.419868889710685,91.66401751562397
326,25,22,0,24,1.3069444444444445,4.4036697247706424,0.6906422018348624,39.20617111852388,60.46502652470108,91.48315907341903
327,25,22,0,24,1.3069444444444445,4.390243902439024,0.6906422018348624,36.20617111852388,61.83488098044843,91.54384701780424
328,25,22,0,24,1.3069444444444445,4.376899696048632,0.6906422018348624,33.20617111852388,61.5675689505172,91.39612375158562
329,25,22,0,24,1.3069444444444445,4.363636363636363,0.6906422018348624,30.206171118523883,58.93329713036844,91.31583486123868
330,25,23,0,24,1.3069444444444445,4.350453172205438,0.6906422018348624,10.0,55.47568539545468,91.12949460705572
331,25,23,0,24,1.3069444444444445,4.337349397590361,0.6906422018348624,15.0,55.75163354191223,91.10888850503409
332,25,23,0,24,1.3069444444444445,4.324324324324325,0.6906422018348624,20.0,54.98540980390014,91.21194147303959
333,25,23,0,24,1.3069444444444445,4.311377245508982,0.6906422018348624,18.206171118523883,54.108333911915174,91.13094168336085
334,25,23,0,24,1.3069444444444445,4.298507462686567,0.6906422018348624,15.206171118523883,54.28610276830879,91.25995755551095
335,25,23,0,24,1.3069444444444445,4.285714285714286,0.6906422018348624,12.206171118523883,54.138666472336105,91.11756680571622
336,25,22,0,24,1.3069444444444445,4.27299703264095,0.6906422018348624,9.206171118523883,54.630793813623434,91.29153797126813
337,25,23,0,24,1.3069444444444445,4.260355029585799,0.6906422018348624,9.0,51.56788984103948,91.14794600289127
338,25,23,0,24,1.3069444444444445,4.2477876106194685,0.6906422018348624,9.0,51.0561273569717,91.10280446725555
339,25,23,0,24,1.3069444444444445,4.235294117647059,0.6906422018348624,12.970657718541133,51.28318890794345,91.27379779763162
340,25,23,0,24,1.3069444444444445,4.222873900293256,0.6906422018348624,9.970657718541133,51.02969079005591,91.33241192045483
341,25,23,0,25,1.2926666666666666,4.385964912280701,0.6964798850574713,9.970657718541133,51.16700960760541,91.20679617380799
342,25,23,0,25,1.2926666666666666,4.373177842565598,0.6964798850574713,14.970657718541133,51.34337264461386,91.3048644240861
343,25,23,0,25,1.2926666666666666,4.36046511627907,0.6964798850574713,12.37556549682165,51.5940869171418,91.36215840133818
344,25,22,0,25,1.2926666666666666,4.3478260869565215,0.6964798850574713,12.318340515149188,54.46531368775647,91.18625277729974
345,25,23,0,25,1.2926666666666666,4.335260115606936,0.6964798850574713,9.5,52.38920735755782,91.10182367263924
346,25,23,0,26,1.2852564102564101,4.495677233429395,0.6859391036606226,9.5,53.432126461559776,90.9640401200209
347,25,23,0,26,1.2852564102564101,4.482758620689656,0.6859391036606226,9.0,54.72476945814933,90.81700191403544
348,25,22,0,26,1.2852564102564101,4.469914040114613,0.6859391036606226,19.5,56.834540529487,90.79132579042337
349,25,23,0,26,1.2852564102564101,4.457142857142857,0.6859391036606226,15.0,53.684807149612745,90.8801353444038
350,25,23,0,26,1.2852564102564101,4.444444444444445,0.6859391036606226,20.0,54.315370872503806,91.07261956600999
351,25,23,0,26,1.2852564102564101,4.431818181818182,0.6859391036606226,18.746527915639803,55.33504776427517,90.99716444572576
352,25,23,0,26,1.2852564102564101,4.419263456090651,0.6859391036606226,15.746527915639803,57.773663204465926,91.17693700109322
353,25,23,0,26,1.2852564102564101,4.406779661016949,0.6859391036606226,12.746527915639803,57.21431176201551,91.34448615366374
354,25,23,0,26,1.2852564102564101,4.394366197183099,0.6859391036606226,9.746527915639803,57.6306546814465,91.37942330269206
355,25,23,0,27,1.2648148148148148,4.55056179775281,0.6807308970099668,9.0,56.97888940241844,91.55830434273355
356,25,23,0,27,1.2648148148148148,4.53781512605042,0.6807308970099668,9.0,57.20476164343143,91.44565681213307
357,25,23,0,27,1.2648148148148148,4.5251396648044695,0.6807308970099668,14.0,57.0326754299037,91.52844920413172
358,25,23,0,27,1.2648148148148148,4.512534818941504,0.6807308970099668,19.0,57.261010543569775,91.67939796257275
359,25,23,0,27,1.2648148148148148,4.5,0.6807308970099668,24.0,57.72154283698143,91.79030457819509
360,25,23,0,27,1.2648148148148148,4.487534626038781,0.6807308970099668,21.296814478899066,57.75467359147991,91.6067168145235
361,25,23,0,27,1.2648148148148148,4.475138121546961,0.6807308970099668,18.296814478899066,58.25193255067381,91.70474856945638
362,25,23,0,27,1.2648148148148148,4.462809917355372,0.6807308970099668,15.296814478899066,59.21577234772548,91.74510679731218
363,25,23,0,27,1.2648148148148148,4.450549450549451,0.6807308970099668,12.296814478899066,59.93833998007336,91.88068765858377
364,25,23,0,27,1.2648148148148148,4.438356164383562,0.6807308970099668,9.296814478899066,59.54080687083733,91.92850241743399
365,25,22,0,27,1.2648148148148148,4.426229508196721,0.6807308970099668,20.32636841919316,61.00788140514761,91.96792926174209
366,25,22,0,27,1.2648148148148148,4.4141689373297,0.6807308970099668,17.32636841919316,60.54673319491702,91.9342782870374
367,25,22,0,27,1.2648148148148148,4.4021739130434785,0.6807308970099668,14.326368419193159,60.80227127076334,91.80639600721038
368,25,22,0,27,1.2648148148148148,4.390243902439024,0.6807308970099668,11.326368419193159,60.02193368159242,91.96149412848288
369,25,22,0,27,1.2648148148148148,4.378378378378379,0.6807308970099668,9.5,59.6786835041189,92.15838740389871
370,25,22,0,28,1.2392857142857143,4.528301886792453,0.682846835027878,9.5,59.118647916128026,92.24267288280778
371,25,22,0,28,1.2392857142857143,4.516129032258065,0.682846835027878,14.5,58.81033949963801,92.04525602510388
372,25,22,0,28,1.2392857142857143,4.504021447721179,0.682846835027878,19.5,59.19358365019196,91.93545913728192
373,25,22,0,28,1.2392857142857143,4.491978609625668,0.682846835027878,16.869364493418388,59.386267331735525,91.85553318004737
374,25,22,0,28,1.2392857142857143,4.48,0.682846835027878,13.869364493418388,58.8443325636432,92.02460399093489
375,25,22,0,28,1.2392857142857143,4.468085106382978,0.682846835027878,10.869364493418388,59.27960156240763,91.83158548536377
376,25,22,0,28,1.2392857142857143,4.456233421750663,0.682846835027878,9.0,58.048975638091115,91.88183875776278
377,25,21,0,28,1.2392857142857143,4.444444444444445,0.682846835027878,31.848120376025776,59.47723435495228,92.01658299289045
378,25,22,0,28,1.2392857142857143,4.432717678100264,0.682846835027878,15.0,56.997242059731434,92.03841074426057
379,25,22,0,28,1.2392857142857143,4.421052631578947,0.682846835027878,20.0,57.49317516277024,91.98807741868632
380,25,22,0,28,1.2392857142857143,4.409448818897638,0.682846835027878,22.848120376025776,56.05174261262394,91.81315694227263
381,25,22,0,28,1.2392857142857143,4.397905759162303,0.682846835027878,19.848120376025776,56.260682975393735,91.8801008538552
382,25,22,0,28,1.2392857142857143,4.386422976501306,0.682846835027878,16.848120376025776,55.691562784547976,91.78688281260156
383,25,22,0,28,1.2392857142857143,4.375,0.682846835027878,13.848120376025776,55.59402297505332,91.7816488461766
384,25,22,0,28,1.2392857142857143,4.363636363636363,0.682846835027878,10.848120376025776,54.890841716324445,91.84726640190614
385,25,22,0,28,1.2392857142857143,4.352331606217616,0.682846835027878,9.5,53.45288495199821,91.8258887196115
386,25,22,0,29,1.2436781609195402,4.496124031007752,0.6962676962676962,9.5,53.362494933359535,91.8576206332251
387,25,22,0,29,1.2436781609195402,4.484536082474227,0.6962676962676962,9.0,52.46156489214986,91.88695017088453
388,25,21,0,29,1.2436781609195402,4.473007712082262,0.6962676962676962,9.0,53.90011494989453,91.83128886882447
389,25,22,0,29,1.2436781609195402,4.461538461538462,0.6962676962676962,9.626817450429357,54.8064866768469,91.81293704760405
390,25,22,0,29,1.2436781609195402,4.450127877237851,0.6962676962676962,14.626817450429357,54.97667308166866,91.91680178671707
391,25,22,0,29,1.2436781609195402,4.438775510204081,0.6962676962676962,17.43574965102077,55.29240657872768,91.79741254726724
392,25,22,0,29,1.2436781609195402,4.427480916030534,0.6962676962676962,14.435749651020771,55.71117445856524,91.81600303423136
393,25,22,0,29,1.2436781609195402,4.416243654822335,0.6962676962676962,11.435749651020771,55.8607372450841,91.99949359251805
394,25,22,0,29,1.2436781609195402,4.405063291139241,0.6962676962676962,9.5,55.1902727883213,92.15134440842033
395,25,22,0,30,1.223888888888889,4.545454545454546,0.7020395156150414,9.5,56.678153805157315,92.0720685225677
396,25,22,0,30,1.223888888888889,4.534005037783376,0.7020395156150414,14.5,56.23298347921619,92.24475051739954
397,25,22,0,30,1.223888888888889,4.522613065326633,0.7020395156150414,17.999629740143348,55.056856535710224,92.4356073855342
398,25,22,0,30,1.223888888888889,4.511278195488721,0.7020395156150414,14.999629740143348,55.76015136239468,92.24740125197668
399,25,22,0,30,1.223888888888889,4.5,0.7020395156150414,11.999629740143348,55.66256071821354,92.1131722617487
400,25,22,0,30,1.223888888888889,4.488778054862843,0.7020395156150414,9.5,55.874680677241784,91.97531743226436
401,25,22,0,31,1.218279569892473,4.626865671641791,0.6936026936026936,9.5,56.65030068976189,92.1570997359525
402,25,22,0,31,1.218279569892473,4.615384615384616,0.6936026936026936,9.0,56.75229111165499,92.24943515517839
403,25,22,0,31,1.218279569892473,4.603960396039604,0.6936026936026936,9.0,56.77746591650357,92.30155638542752
404,25,22,0,31,1.218279569892473,4.592592592592593,0.6936026936026936,13.871781586805554,57.294526420365834,92.27765004785117
405,25,22,0,31,1.218279569892473,4.58128078817734,0.6936026936026936,10.871781586805554,57.1936170048882,92.15815455239589
406,25,21,0,31,1.218279569892473,4.570024570024571,0.6936026936026936,24.0,59.92347817771421,92.32050578001467
407,25,22,0,31,1.218279569892473,4.5588235294117645,0.6936026936026936,10.0,57.927050939574116,92.46554698178262
408,25,22,0,31,1.218279569892473,4.547677261613692,0.6936026936026936,15.0,57.747133331834604,92.63263298411174
409,25,22,0,31,1.218279569892473,4.536585365853658,0.6936026936026936,16.182426904650157,58.749088193727474,92.74751022897726
410,25,22,0,31,1.218279569892473,4.525547445255475,0.6936026936026936,13.182426904650157,59.7925470499192,92.7172857383435
411,25,22,0,31,1.218279569892473,4.514563106796116,0.6936026936026936,10.182426904650157,58.892934170283525,92.52239106044102
412,25,22,0,31,1.218279569892473,4.50363196125908,0.6936026936026936,9.0,59.225474879617586,92.55586470350322
413,25,22,0,31,1.218279569892473,4.492753623188406,0.6936026936026936,9.0,58.02725387083288,92.41290534854117
414,25,22,0,31,1.218279569892473,4.481927710843373,0.6936026936026936,14.0,58.272934740391186,92.51702556216568
415,25,22,0,31,1.218279569892473,4.471153846153846,0.6936026936026936,19.0,58.62072034143414,92.3977665261797
416,25,22,0,31,1.218279569892473,4.460431654676259,0.6936026936026936,24.0,60.13407042346835,92.46234302914309
417,25,22,0,31,1.218279569892473,4.44976076555024,0.6936026936026936,22.854497630759738,59.347747705272035,92.5372582778972
418,25,22,0,31,1.218279569892473,4.439140811455847,0.6936026936026936,19.854497630759738,59.552414129161114,92.46919267137108
419,25,22,0,31,1.218279569892473,4.428571428571429,0.6936026936026936,16.854497630759738,60.10310281466939,92.58151091805986
420,25,22,0,31,1.218279569892473,4.418052256532066,0.6936026936026936,13.854497630759738,60.15860902146839,92.55179355571356
421,25,22,0,31,1.218279569892473,4.407582938388625,0.6936026936026936,10.854497630759738,59.792078193717224,92.47449174027784
422,25,22,0,31,1.218279569892473,4.397163120567376,0.6936026936026936,9.0,60.03113050152845,92.6168828138687
423,25,21,0,31,1.218279569892473,4.386792452830188,0.6936026936026936,10.600820094362277,62.70469052128615,92.48574250408362
424,25,22,0,31,1.218279569892473,4.376470588235294,0.6936026936026936,9.0,59.650755805206956,92.52946769399477
425,25,22,0,31,1.218279569892473,4.366197183098591,0.6936026936026936,9.0,58.91606941722245,92.5814390597044
426,25,22,0,31,1.218279569892473,4.355971896955503,0.6936026936026936,9.5,59.33714972211442,92.72219611920437
427,25,22,0,32,1.3234375,4.485981308411215,0.7312230215827338,9.5,58.4019333420852,92.58980395865365
428,25,22,0,32,1.3234375,4.475524475524476,0.7312230215827338,14.5,59.20821422830725,92.77576053622978
429,25,22,0,32,1.3234375,4.465116279069767,0.7312230215827338,19.5,58.08200816663106,92.9448256095951
430,25,22,0,32,1.3234375,4.454756380510441,0.7312230215827338,24.5,58.84230185732792,93.0186647668244
431,25,22,0,32,1.3234375,4.444444444444445,0.7312230215827338,29.5,58.68616714002226,92.82681174838531
432,25,22,0,32,1.3234375,4.434180138568129,0.7312230215827338,27.948263375945018,57.90992461189419,92.7221568771689
433,25,22,0,32,1.3234375,4.423963133640553,0.7312230215827338,24.948263375945018,58.046005864149016,92.63996070184906
434,25,22,0,32,1.3234375,4.413793103448276,0.7312230215827338,21.948263375945018,58.137460358244134,92.63945959031308
435,25,22,0,32,1.3234375,4.4036697247706424,0.7312230215827338,18.948263375945018,58.64480550701225,92.81244594360534
436,25,22,0,32,1.3234375,4.393592677345538,0.7312230215827338,15.948263375945018,58.69694697100862,92.84091227429924
437,25,22,0,32,1.3234375,4.383561643835616,0.7312230215827338,12.948263375945018,57.58209136638573,92.83571241978905
438,25,21,0,32,1.3234375,4.373576309794989,0.7312230215827338,33.92748559167802,59.416300694625264,92.99117648828123
439,25,22,0,32,1.3234375,4.363636363636363,0.7312230215827338,10.0,57.13139136151836,93.06512056850235
440,25,22,0,32,1.3234375,4.35374149659864,0.7312230215827338,15.0,57.060755167846,92.93693237142816
441,25,22,0,32,1.3234375,4.343891402714933,0.7312230215827338,20.0,56.238751764854015,92.82928971895079
442,25,22,0,32,1.3234375,4.334085778781038,0.7312230215827338,21.92748559167802,54.62326959678389,92.91136073686985
443,25,22,0,32,1.3234375,4.324324324324325,0.7312230215827338,18.92748559167802,53.89616282188158,93.08865785470752
444,25,22,0,32,1.3234375,4.3146067415730345,0.7312230215827338,15.927485591678021,52.87298233485037,93.25654364491348
445,25,22,0,32,1.3234375,4.304932735426009,0.7312230215827338,12.927485591678021,52.05286138047655,93.22011018258165
446,25,22,0,32,1.3234375,4.295302013422819,0.7312230215827338,9.927485591678021,51.03284505610304,93.16875963318556
447,25,20,0,32,1.3234375,4.285714285714286,0.7312230215827338,9.0,54.09440598038259,93.237904996577
448,25,20,0,32,1.3234375,4.276169265033407,0.7312230215827338,9.0,53.22739850117072,93.18793774456205
449,25,20,0,33,1.3575757575757577,4.4,0.7364383561643836,9.5,52.89714865678091,93.23557922800025
450,25,20,0,33,1.3575757575757577,4.390243902439024,0.7364383561643836,14.5,52.20200280009245,93.29808146554979
451,25,20,0,33,1.3575757575757577,4.380530973451328,0.7364383561643836,16.548379045849387,51.83736699564821,93.29274228503807
452,25,20,0,33,1.3575757575757577,4.370860927152318,0.7364383561643836,13.548379045849387,51.75391228943228,93.23850491564498
453,25,20,0,33,1.3575757575757577,4.361233480176211,0.7364383561643836,10.548379045849387,51.42193069436005,93.33933090659372
454,25,20,0,33,1.3575757575757577,4.351648351648352,0.7364383561643836,9.0,51.09736074899793,93.15175206017275
455,25,20,0,33,1.3575757575757577,4.342105263157895,0.7364383561643836,9.0,50.94630201193619,93.14168056811528
456,25,20,0,33,1.3575757575757577,4.332603938730854,0.7364383561643836,9.0,51.61374554819755,93.26243003689657
457,25,19,0,33,1.3575757575757577,4.323144104803493,0.7364383561643836,9.0,54.0374923497563,93.36044059769176
458,25,19,0,33,1.3575757575757577,4.313725490196078,0.7364383561643836,14.0,55.24206017199176,93.39305000877442
459,25,19,0,33,1.3575757575757577,4.304347826086957,0.7364383561643836,19.0,55.40107545445007,93.25870273924528
460,25,19,0,33,1.3575757575757577,4.295010845986985,0.7364383561643836,19.477570549674624,55.1845351341311,93.27556826683673
461,25,19,0,33,1.3575757575757577,4.285714285714286,0.7364383561643836,16.477570549674624,55.328038917371124,93.08197035595471
462,25,19,0,33,1.3575757575757577,4.27645788336933,0.7364383561643836,13.477570549674624,54.30464023229517,93.01866445527193
463,25,19,0,33,1.3575757575757577,4.267241379310345,0.7364383561643836,10.477570549674624,55.43167026027885,92.8829797774629
464,25,19,0,34,1.3475490196078432,4.387096774193548,0.7317008251264306,9.5,56.135691443240965,92.88932836967571
465,25,19,0,35,1.3457142857142859,4.506437768240343,0.7143579373104145,9.5,58.52028396805094,93.06725762869551
466,25,19,0,35,1.3457142857142859,4.496788008565311,0.7143579373104145,14.5,57.44864573502839,93.20906780323921
467,25,19,0,35,1.3457142857142859,4.487179487179487,0.7143579373104145,17.73958969794255,57.76732310863276,93.39555387524469
468,25,19,0,35,1.3457142857142859,4.477611940298507,0.7143579373104145,14.739589697942549,58.598903984888786,93.44911923966656
469,25,19,0,35,1.3457142857142859,4.468085106382978,0.7143579373104145,11.739589697942549,57.55683157560445,93.5655819165292
470,25,19,0,35,1.3457142857142859,4.45859872611465,0.7143579373104145,9.5,57.274782547227076,93.62531096420236
471,25,19,0,36,1.346296296296296,4.576271186440678,0.7047988366456617,9.5,58.95804091293138,93.7655886404099
472,25,19,0,36,1.346296296296296,4.5665961945031714,0.7047988366456617,14.5,60.06614389821838,93.68429262979114
473,25,19,0,36,1.346296296296296,4.556962025316456,0.7047988366456617,19.5,61.09883514354242,93.67077455295227
474,25,19,0,36,1.346296296296296,4.5473684210526315,0.7047988366456617,23.95578981263803,60.669189462202105,93.82460090298908
475,25,19,0,36,1.346296296296296,4.53781512605042,0.7047988366456617,20.95578981263803,61.24715934934581,93.95859689427773
476,25,19,0,36,1.346296296296296,4.528301886792453,0.7047988366456617,17.95578981263803,61.463381305117444,93.86680336931101
477,25,19,0,36,1.346296296296296,4.518828451882845,0.7047988366456617,14.95578981263803,61.67604219887226,93.84132455414642
478,25,19,0,36,1.346296296296296,4.509394572025052,0.7047988366456617,11.95578981263803,61.59060129649839,93.6714175426226
479,25,18,0,36,1.346296296296296,4.5,0.7047988366456617,47.726693737696976,63.696576202798674,93.48327629645561
480,25,18,0,36,1.346296296296296,4.490644490644491,0.7047988366456617,44.726693737696976,64.17934682586798,93.44999936717193
481,25,18,0,36,1.346296296296296,4.481327800829876,0.7047988366456617,41.726693737696976,63.66904814020438,93.57418251256044
482,25,18,0,36,1.346296296296296,4.472049689440994,0.7047988366456617,38.726693737696976,63.546716904608665,93.76425612114332
483,25,18,0,36,1.346296296296296,4.462809917355372,0.7047988366456617,35.726693737696976,62.13132240439058,93.60327390416867
484,25,18,0,36,1.346296296296296,4.453608247422681,0.7047988366456617,32.726693737696976,61.58499781992772,93.52176765320958
485,25,18,0,36,1.346296296296296,4.444444444444445,0.7047988366456617,29.726693737696976,61.222499952990034,93.4841324380262
486,25,18,0,36,1.346296296296296,4.435318275154004,0.7047988366456617,26.726693737696976,60.941287936167704,93.29763559261228
487,25,18,0,36,1.346296296296296,4.426229508196721,0.7047988366456617,23.726693737696976,60.241491756674336,93.4223768089337
488,25,18,0,36,1.346296296296296,4.41717791411043,0.7047988366456617,20.726693737696976,59.76606244352505,93.27068549955588
489,25,18,0,36,1.346296296296296,4.408163265306123,0.7047988366456617,17.726693737696976,59.220577979433514,93.24491544573073
490,25,18,0,36,1.346296296296296,4.3991853360488795,0.7047988366456617,14.726693737696976,58.25226171663954,93.40677289856855
491,25,18,0,36,1.346296296296296,4.390243902439024,0.7047988366456617,11.726693737696976,58.1601760199656,93.47843147334041
492,25,18,0,36,1.346296296296296,4.381338742393509,0.7047988366456617,9.5,57.38486294494479,93.2913914897576
493,25,18,0,37,1.3261261261261261,4.493927125506072,0.7061645478532022,9.5,56.71568032014554,93.12090878593783
494,25,18,0,37,1.3261261261261261,4.484848484848484,0.7061645478532022,9.0,56.13328452530413,93.24746242323097
495,25,17,0,37,1.3261261261261261,4.475806451612903,0.7061645478532022,17.51084105381517,59.295773359502384,93.20512934179263
496,25,17,0,37,1.3261261261261261,4.466800804828974,0.7061645478532022,14.51084105381517,58.77731464993614,93.17658618159514
497,25,17,0,37,1.3261261261261261,4.457831325301204,0.7061645478532022,11.51084105381517,60.67881477216609,95.84593023878118
498,25,17,0,37,1.3261261261261261,4.448897795591183,0.7061645478532022,9.0,59.424265552773974,95.91668244991071
499,25,17,0,37,1.3261261261261261,4.4399999999999995,0.7061645478532022,9.0,57.91616788492812,97.00459713277375
500,25,17,0,37,1.3261261261261261,4.431137724550898,0.7061645478532022,14.0,58.028502199957245,98.16203413654686
501,25,17,0,37,1.3261261261261261,4.422310756972112,0.7061645478532022,19.0,56.84610113710328,93.2701532485485
502,25,17,0,37,1.3261261261261261,4.41351888667992,0.7061645478532022,18.775495041844707,59.18336054402564,98.21061400553056
503,25,17,0,37,1.3261261261261261,4.404761904761905,0.7061645478532022,15.775495041844707,59.01649278402723,98.31331705999767
504,25,17,0,37,1.3261261261261261,4.3960396039603955,0.7061645478532022,12.775495041844707,57.79025910849018,93.3048875737751
505,25,17,0,37,1.3261261261261261,4.387351778656126,0.7061645478532022,9.775495041844707,56.93865356118471,98.50050738495132
506,25,17,0,38,1.3166666666666667,4.497041420118343,0.6869565217391305,9.775495041844707,56.77732468795983,98.43047552836033
507,25,17,0,38,1.3166666666666667,4.488188976377953,0.6869565217391305,14.775495041844707,55.620209347161186,93.20919673482055
508,25,17,0,38,1.3166666666666667,4.479371316306484,0.6869565217391305,16.512076092068853,56.67052395462911,98.30613970005562
509,25,17,0,38,1.3166666666666667,4.470588235294118,0.6869565217391305,13.512076092068853,56.10758177407483,98.11075268244208
510,25,17,0,38,1.3166666666666667,4.46183953033268,0.6869565217391305,10.512076092068853,55.01598941449199,93.4829103698021
511,25,17,0,38,1.3166666666666667,4.453125,0.6869565217391305,9.5,56.0944068423462,97.94837536536342
512,25,17,0,39,1.3252136752136752,4.56140350877193,0.6819881240378272,9.5,56.4474281298004,97.89158075100951
513,25,17,0,40,1.3287499999999999,4.669260700389105,0.6802474402730375,10.424433873829528,56.76029770996506,93.80946166736999
514,25,17,0,40,1.3287499999999999,4.660194174757281,0.6802474402730375,9.557470653950944,58.328906119893226,97.81235859177762
515,25,17,0,41,1.3207317073170732,4.767441860465117,0.6772983114446529,9.557470653950944,59.5527709060356,97.99627008417055
516,25,17,0,41,1.3207317073170732,4.758220502901354,0.6772983114446529,14.557470653950944,58.96838156282373,93.6356824371915
517,25,17,0,41,1.3207317073170732,4.749034749034749,0.6772983114446529,19.557470653950944,59.44983229835922,98.13814164716054
518,25,17,0,41,1.3207317073170732,4.7398843930635834,0.6772983114446529,24.557470653950944,60.180998213445235,98.27902696359342
519,25,17,0,41,1.3207317073170732,4.730769230769231,0.6772983114446529,29.557470653950944,59.81332213726899,93.54583157657665
520,25,17,0,41,1.3207317073170732,4.72168905950096,0.6772983114446529,34.55747065395094,61.12837536673927,98.26810491153226
521,25,17,0,41,1.3207317073170732,4.712643678160919,0.6772983114446529,39.55747065395094,61.73453078730975,98.28382977940363
522,25,17,0,41,1.3207317073170732,4.7036328871892925,0.6772983114446529,40.39988630110048,60.47570404873569,93.42132652263089
523,25,17,0,41,1.3207317073170732,4.694656488549619,0.6772983114446529,37.39988630110048,61.155139587114306,98.21989675283658
524,25,17,0,41,1.3207317073170732,4.685714285714286,0.6772983114446529,34.39988630110048,61.21035584072435,98.16512187652017
525,25,17,0,41,1.3207317073170732,4.67680608365019,0.6772983114446529,31.39988630110048,59.583068549493724,93.64796707996986
526,25,17,0,41,1.3207317073170732,4.667931688804554,0.6772983114446529,28.39988630110048,60.23482771924035,98.10736055535736
527,25,17,0,41,1.3207317073170732,4.659090909090909,0.6772983114446529,25.39988630110048,59.41251099409014,98.04091027511583
528,25,17,0,41,1.3207317073170732,4.650283553875236,0.6772983114446529,22.39988630110048,57.9901502072359,93.72700598727499
529,25,17,0,41,1.3207317073170732,4.641509433962264,0.6772983114446529,19.39988630110048,58.33882164354524,98.20458361784162
530,25,17,0,41,1.3207317073170732,4.632768361581921,0.6772983114446529,16.39988630110048,58.14055730123224,98.05110575199495
531,25,17,0,41,1.3207317073170732,4.624060150375939,0.6772983114446529,13.39988630110048,56.74781329380257,93.91916197266175
532,25,17,0,41,1.3207317073170732,4.615384615384616,0.6772983114446529,10.39988630110048,56.863955921236474,97.98434385236472
533,25,16,0,41,1.3207317073170732,4.606741573033707,0.6772983114446529,9.0,59.300874963543436,98.04304497465444
534,25,15,0,41,1.3207317073170732,4.598130841121495,0.6772983114446529,10.238854194340405,60.94231380778338,93.8783410694345
535,25,14,0,41,1.3207317073170732,4.58955223880597,0.6772983114446529,51.270943043070304,65.8126075553141,98.03611495314956
536,25,14,0,41,1.3207317073170732,4.581005586592179,0.6772983114446529,48.270943043070304,65.85031126107124,98.00581190078287
537,25,14,0,41,1.3207317073170732,4.5724907063197024,0.6772983114446529,45.270943043070304,67.4151929961828,94.08314729037834
538,25,14,0,41,1.3207317073170732,4.5640074211502775,0.6772983114446529,42.270943043070304,67.04736639251401,98.03115512388317
539,25,14,0,41,1.3207317073170732,4.555555555555555,0.6772983114446529,39.270943043070304,66.6501618453988,98.0677950888767
540,25,14,0,41,1.3207317073170732,4.547134935304991,0.6772983114446529,36.270943043070304,65.06637536211706,94.35947791131564
541,25,14,0,41,1.3207317073170732,4.538745387453875,0.6772983114446529,33.270943043070304,65.9976384362785,97.88284944061311
542,25,14,0,41,1.3207317073170732,4.530386740331492,0.6772983114446529,30.270943043070304,64.9598593300683,98.04388772448844
543,25,14,0,41,1.3207317073170732,4.522058823529411,0.6772983114446529,27.270943043070304,64.94037905683173,94.37081909232114
544,25,14,0,41,1.3207317073170732,4.513761467889909,0.6772983114446529,24.270943043070304,63.96054903225989,98.22128894160778
545,25,14,0,41,1.3207317073170732,4.5054945054945055,0.6772983114446529,21.270943043070304,63.658317843733094,98.41329352675332
546,25,14,0,41,1.3207317073170732,4.49725776965265,0.6772983114446529,18.270943043070304,62.97204540163721,94.16717360028633
547,25,14,0,41,1.3207317073170732,4.489051094890511,0.6772983114446529,15.270943043070304,62.81282702804166,98.29456079734663
548,25,14,0,41,1.3207317073170732,4.480874316939891,0.6772983114446529,12.270943043070304,63.35085102322341,98.45849113166145
549,25,14,0,41,1.3207317073170732,4.472727272727273,0.6772983114446529,9.5,61.76741461618777,94.20641635617257
550,25,14,0,42,1.3095238095238095,4.573502722323049,0.6722346710124262,9.5,62.846871570455434,98.35858973242458
551,25,14,0,42,1.3095238095238095,4.565217391304348,0.6722346710124262,12.268447546783577,62.758671827281994,98.52931129531169
552,25,14,0,42,1.3095238095238095,4.556962025316456,0.6722346710124262,9.268447546783577,61.233649803139315,94.46512999855703
553,25,13,0,42,1.3095238095238095,4.548736462093863,0.6722346710124262,24.5,66.82774248519547,98.33741317773445
554,25,13,0,42,1.3095238095238095,4.54054054054054,0.6722346710124262,29.5,68.37817938757796,98.49360151635265
555,25,13,0,42,1.3095238095238095,4.532374100719425,0.6722346710124262,34.5,65.20208141784592,94.39508519552608
556,25,13,0,42,1.3095238095238095,4.524236983842011,0.6722346710124262,39.5,66.74117357056836,98.21180287856389
557,25,13,0,42,1.3095238095238095,4.516129032258065,0.6722346710124262,39.32464705835899,66.38231938801076,98.2512033412488
558,25,13,0,42,1.3095238095238095,4.5080500894454385,0.6722346710124262,36.32464705835899,64.93480329782847,94.46648098347079
559,25,13,0,42,1.3095238095238095,4.5,0.6722346710124262,33.32464705835899,66.26213962586122,98.25898655864582
560,25,13,0,42,1.3095238095238095,4.491978609625668,0.6722346710124262,30.32464705835899,65.82437083320796,98.2862848564875
561,25,13,0,42,1.3095238095238095,4.4839857651245545,0.6722346710124262,27.32464705835899,63.77462367040097,94.28639400070264
562,25,13,0,42,1.3095238095238095,4.476021314387211,0.6722346710124262,24.32464705835899,64.86879282596624,98.26241246226347
563,25,13,0,42,1.3095238095238095,4.468085106382978,0.6722346710124262,21.32464705835899,64.33798761163793,98.34973941365347
564,25,13,0,42,1.3095238095238095,4.460176991150442,0.6722346710124262,18.32464705835899,62.41081057985032,94.19052516281579
565,25,13,0,42,1.3095238095238095,4.4522968197879855,0.6722346710124262,15.324647058358991,63.71798965755432,98.39104680866946
566,25,13,0,42,1.3095238095238095,4.444444444444445,0.6722346710124262,12.324647058358991,63.19588744815117,98.20871701178729
567,25,13,0,42,1.3095238095238095,4.436619718309859,0.6722346710124262,9.324647058358991,60.9234707791253,93.93337800165892
568,25,12,0,42,1.3095238095238095,4.428822495606327,0.6722346710124262,28.27102349806124,66.40806977273205,98.48246102070031
569,25,12,0,42,1.3095238095238095,4.421052631578947,0.6722346710124262,25.27102349806124,67.72370106227883,98.5811932882092
570,25,12,0,42,1.3095238095238095,4.413309982486865,0.6722346710124262,22.27102349806124,63.73677012233554,94.17580511449128
571,25,12,0,42,1.3095238095238095,4.405594405594406,0.6722346710124262,19.27102349806124,64.90234612502574,98.57687448082652
572,25,12,0,42,1.3095238095238095,4.397905759162303,0.6722346710124262,16.27102349806124,64.39542058954129,98.49334884857555
573,25,12,0,42,1.3095238095238095,4.390243902439024,0.6722346710124262,13.27102349806124,62.385008757833724,93.77327645769182
574,25,12,0,42,1.3095238095238095,4.382608695652174,0.6722346710124262,10.27102349806124,63.406046336816665,98.29811775621882
575,25,12,0,42,1.3095238095238095,4.375,0.6722346710124262,9.0,62.91538505456185,98.2676807099054
576,25,11,0,42,1.3095238095238095,4.3674176776429805,0.6722346710124262,38.470639046672616,67.8754225793731,93.88517486415904
577,25,11,0,42,1.3095238095238095,4.359861591695502,0.6722346710124262,35.470639046672616,67.27718631537154,98.08446959659508
578,25,11,0,42,1.3095238095238095,4.352331606217616,0.6722346710124262,32.470639046672616,67.09049178991883,98.05655550874644
579,25,11,0,42,1.3095238095238095,4.344827586206897,0.6722346710124262,29.470639046672616,65.14798281849178,93.75068255643134
580,25,11,0,42,1.3095238095238095,4.337349397590361,0.6722346710124262,26.470639046672616,68.03163947346934,97.67515396182843
581,25,11,0,42,1.3095238095238095,4.329896907216495,0.6722346710124262,23.470639046672616,67.71330515709664,97.59969778126587
582,25,11,0,42,1.3095238095238095,4.322469982847342,0.6722346710124262,20.470639046672616,65.7960176842345,93.91972007743176
583,25,11,0,42,1.3095238095238095,4.315068493150685,0.6722346710124262,17.470639046672616,67.18192321480761,97.44337554383155
584,25,11,0,42,1.3095238095238095,4.3076923076923075,0.6722346710124262,14.470639046672616,65.55132986625223,97.39114224959921
585,25,11,0,42,1.3095238095238095,4.300341296928328,0.6722346710124262,11.470639046672616,65.5209553164924,93.97400305764761
586,25,10,0,42,1.3095238095238095,4.293015332197615,0.6722346710124262,55.432221204454834,70.7027259052778,97.29849827250615
587,25,10,0,42,1.3095238095238095,4.285714285714286,0.6722346710124262,55.381456826819786,70.59089734859475,97.40235752493935
588,25,10,0,42,1.3095238095238095,4.278438030560272,0.6722346710124262,54.43035218511538,69.18811682352465,94.1527384047705
589,25,10,0,42,1.3095238095238095,4.271186440677966,0.6722346710124262,55.460639489810916,71.39865108040871,97.43172408454832
590,25,10,0,42,1.3095238095238095,4.2639593908629445,0.6722346710124262,55.312496018116704,71.38594888743646,97.49383261106144
591,25,10,0,42,1.3095238095238095,4.256756756756756,0.6722346710124262,54.16403908786319,69.56115918114718,94.34607189179314
592,25,10,0,42,1.3095238095238095,4.249578414839798,0.6722346710124262,56.02856961422546,73.87477266643653,97.47564114018056
593,25,10,0,42,1.3095238095238095,4.242424242424242,0.6722346710124262,56.06817679738576,71.59965358932659,97.60408252385152
594,25,10,0,42,1.3095238095238095,4.235294117647059,0.6722346710124262,54.86800364539552,69.40930709352881,94.6080607925026
595,25,10,0,42,1.3095238095238095,4.228187919463087,0.6722346710124262,55.163106538310416,70.91301790298044,97.85252341105856
596,25,10,0,42,1.3095238095238095,4.221105527638191,0.6722346710124262,55.1043533106283,70.61396156213674,97.92515588932828
597,25,10,0,42,1.3095238095238095,4.214046822742475,0.6722346710124262,54.04545090561888,68.39287611245715,94.13845038799283
598,25,10,0,42,1.3095238095238095,4.207011686143573,0.6722346710124262,52.51189025466803,72.3906632965043,97.88685708687504